,City,Cloudiness,Country,Date,Humidity,Lat,Lng,Max Temp,Wind Speed
0,Cape Town,40,ZA,1551573614,93,-33.93,18.42,69.01,5.82
1,Vaini,0,IN,1551571200,59,15.34,74.49,62.6,2.26
2,Chokurdakh,64,RU,1551573617,75,70.62,147.9,-11.72,16.24
3,Guaraciaba do Norte,92,BR,1551573619,96,-4.16,-40.75,71.72,2.26
4,Yamada,0,JP,1551573601,56,36.58,137.08,50.0,1.12
5,Panaba,0,MX,1551573621,49,21.28,-88.27,84.05,8.75
6,Esperance,75,TT,1551573307,78,10.24,-61.45,79.0,6.93
7,Luderitz,0,NA,1551573624,76,-26.65,15.16,63.89,20.38
8,Tashtyp,0,RU,1551573625,54,52.8,89.89,8.09,1.36
9,Rikitea,0,PF,1551573626,100,-23.12,-134.97,79.1,9.86
10,Bluff,0,AU,1551573628,47,-23.58,149.07,81.26,12.44
11,Guerrero Negro,32,MX,1551573630,53,27.97,-114.04,68.79,11.65
12,Bambous Virieux,75,MU,1551573547,83,-20.34,57.76,80.6,6.93
13,Ushuaia,40,AR,1551571200,66,-54.81,-68.31,51.8,3.36
14,Touros,40,BR,1551571200,94,-5.2,-35.46,78.8,6.93
15,Chuy,0,UY,1551573636,78,-33.69,-53.46,67.85,15.01
16,Taoudenni,0,ML,1551573637,41,22.68,-3.98,47.19,3.15
17,Siilinjarvi,90,FI,1551570600,85,63.08,27.67,14.0,16.11
18,Laguna,75,MX,1551570120,30,27.52,-110.01,82.4,9.17
19,Avarua,8,CK,1551571200,74,-21.21,-159.78,86.0,11.41
20,Ancud,64,CL,1551571200,87,-41.87,-73.83,53.6,3.36
21,Punta Arenas,75,CL,1551573189,76,-53.16,-70.91,51.8,5.82
22,Busselton,0,AU,1551573611,38,-33.64,115.35,72.0,13.22
23,Hattiesburg,90,US,1551573548,77,31.33,-89.29,64.99,2.37
24,Mahebourg,75,MU,1551573547,83,-20.41,57.7,80.6,6.93
25,Qaanaaq,0,GL,1551573652,61,77.48,-69.36,3.32,17.25
26,Hovd,90,NO,1551573316,98,63.83,10.7,33.8,9.17
27,Saint-Philippe,90,CA,1551573627,63,45.36,-73.48,28.0,5.82
28,Grand Forks,1,US,1551573139,63,47.91,-97.06,-5.81,10.29
29,Zhanaozen,88,KZ,1551573667,83,43.35,52.85,29.69,2.04
30,Mataura,0,NZ,1551573606,66,-46.19,168.86,66.0,7.0
31,Leh,76,IN,1551573670,81,34.16,77.58,-1.55,0.25
32,Ribeira Grande,8,PT,1551573556,98,38.52,-28.7,60.29,23.51
33,Port Elizabeth,40,US,1551573618,93,39.31,-74.98,39.0,4.7
34,Santa Isabel do Rio Negro,32,BR,1551573674,84,-0.41,-65.02,82.52,0.69
35,New Norfolk,44,AU,1551573495,88,-42.78,147.06,70.0,5.82
36,Norman Wells,20,CA,1551571200,42,65.28,-126.83,8.6,10.29
37,Kapaa,1,US,1551573504,60,22.08,-159.32,77.0,14.99
38,Volkhov,80,RU,1551573683,72,59.92,32.34,26.31,13.22
39,Hermanus,0,ZA,1551573096,89,-34.42,19.24,66.0,1.99
40,Cidreira,36,BR,1551573687,53,-30.17,-50.22,77.48,10.31
41,Athlone,92,IE,1551573518,80,53.42,-7.94,42.01,17.0
42,Mar del Plata,8,AR,1551573528,47,-46.43,-67.52,66.36,16.02
43,Hithadhoo,64,MV,1551573699,100,-0.6,73.08,82.43,12.77
44,Jamestown,0,AU,1551573702,22,-33.21,138.6,90.66,9.98
45,Nanortalik,88,GL,1551573703,96,60.14,-45.24,30.41,7.29
46,San Patricio,0,PY,1551573704,67,-26.98,-56.83,77.43,3.38
47,Hobart,92,AU,1551573614,88,-42.88,147.33,70.0,5.82
48,Namibe,24,AO,1551573657,100,-15.19,12.15,76.98,1.81
49,Vanavara,12,RU,1551573711,83,60.35,102.28,10.52,2.59
50,Kaitangata,0,NZ,1551573712,78,-46.28,169.85,65.64,3.83
51,Korsakov,75,RU,1551571200,67,46.63,142.78,21.2,4.47
52,Buchanan,20,LR,1551571200,94,5.88,-10.05,78.8,6.17
53,Ahipara,0,NZ,1551570971,59,-35.17,173.16,88.0,1.99
54,Torbay,20,CA,1551573211,62,47.66,-52.73,24.01,16.11
55,Severo-Kurilsk,0,RU,1551573654,100,50.68,156.12,26.76,14.0
56,Conchas,88,BR,1551573720,98,-23.02,-48.01,68.57,2.93
57,Mezhdurechensk,0,RU,1551573722,74,53.69,88.07,8.72,2.04
58,Pisco,0,PE,1551571200,73,-13.71,-76.2,75.2,18.34
59,Ormond Beach,1,US,1551573711,73,29.29,-81.06,75.0,4.7
60,Akbarpur,12,IN,1551573728,68,26.42,82.54,60.83,8.75
61,Mizan Teferi,8,ET,1551573730,81,6.99,35.58,59.48,2.48
62,Saint George,75,GR,1551570600,37,39.45,22.34,55.4,12.75
63,Vieira de Leiria,20,PT,1551573607,93,39.87,-8.94,52.0,2.24
64,Cayenne,92,GF,1551571200,94,4.94,-52.33,75.2,8.41
65,Moron,8,VE,1551573735,73,10.49,-68.2,71.81,3.49
66,Airai,12,TL,1551573605,84,-8.93,125.41,76.04,1.92
67,Dhidhdhoo,24,MV,1551573740,100,6.88,73.1,82.61,10.42
68,Derby,44,GB,1551573426,70,52.92,-1.48,48.2,20.8
69,Tabuk,44,PH,1551573743,74,17.41,121.44,65.64,2.59
70,Belvedere Marittimo,32,IT,1551573635,99,39.62,15.86,48.0,2.93
71,Bradford,20,GB,1551573725,75,53.79,-1.75,48.2,16.11
72,Geraldton,40,CA,1551571200,46,49.72,-86.95,6.8,9.17
73,Saint-Tite,90,CA,1551571210,54,46.73,-72.56,28.4,1.81
74,Agucadoura,75,PT,1551573606,87,41.43,-8.78,54.0,6.93
75,Pangnirtung,20,CA,1551573577,69,66.15,-65.72,-16.13,2.37
76,Tuktoyaktuk,20,CA,1551571200,64,69.44,-133.03,-0.41,18.34
77,Kaa-Khem,64,RU,1551573758,62,51.7,94.56,4.58,3.71
78,Trairi,92,BR,1551573762,100,-3.28,-39.27,78.29,16.02
79,Inhambane,20,MZ,1551573763,99,-23.87,35.38,77.84,8.19
80,Kavieng,0,PG,1551573764,97,-2.57,150.8,84.95,4.27
81,Albany,90,US,1551573510,55,42.65,-73.75,35.6,2.37
82,Bilibino,32,RU,1551573769,64,68.06,166.44,-9.51,3.15
83,Luau,48,CD,1551573771,95,-10.7,22.23,65.69,2.37
84,Butaritari,68,KI,1551573747,100,3.07,172.79,82.43,15.68
85,Tuatapere,0,NZ,1551573606,66,-46.13,167.69,66.0,7.0
86,Dingle,36,PH,1551573778,82,11.0,122.67,77.12,9.98
87,Raudeberg,88,NO,1551573604,80,61.99,5.14,42.01,17.22
88,Aykhal,64,RU,1551573780,69,65.95,111.51,-2.9,2.71
89,Port Alfred,80,ZA,1551573418,77,-33.59,26.89,68.0,1.99
90,Lebu,8,ET,1551571200,63,8.96,38.73,60.8,6.93
91,Georgetown,75,GY,1551571200,78,6.8,-58.16,80.6,6.93
92,Miles City,1,US,1551573546,63,46.41,-105.84,-7.01,9.17
93,Antofagasta,75,CL,1551571200,72,-23.65,-70.4,68.0,13.87
94,Atuona,0,PF,1551573789,100,-9.8,-139.03,81.17,8.75
95,Bredasdorp,56,ZA,1551572229,87,-34.53,20.04,66.0,2.24
96,Santa Maria,0,BR,1551573793,69,-29.69,-53.81,70.64,4.94
97,Tera,20,CY,1551573097,77,34.97,32.42,59.0,11.41
98,Novo Oriente,100,BR,1551573796,97,-5.54,-40.77,68.61,5.73
99,Patea,0,NZ,1551573797,53,-39.76,174.48,71.58,6.4
100,Srednekolymsk,56,RU,1551573799,60,67.46,153.71,-7.31,4.27
101,Adre,48,TD,1551573800,39,13.47,22.2,70.19,4.38
102,Syracuse,90,US,1551573796,100,43.05,-76.15,32.0,4.7
103,Tura,0,IN,1551573783,76,25.52,90.21,49.71,2.59
104,Panama City,40,US,1551573797,94,30.16,-85.65,70.0,6.93
105,Lorengau,8,PG,1551573512,92,-2.02,147.27,84.86,6.96
106,Upernavik,20,GL,1551573806,100,72.79,-56.15,0.35,0.13
107,Talnakh,76,RU,1551573807,85,69.49,88.39,16.1,16.24
108,Mareeba,75,AU,1551573634,94,-16.99,145.42,80.01,9.17
109,Gazojak,8,TM,1551573810,87,41.19,61.4,31.71,3.15
110,Isangel,36,VU,1551573672,94,-19.55,169.27,83.28,12.77
111,Barrow,0,AR,1551573591,66,-38.31,-60.23,60.96,7.07
112,Khatanga,48,RU,1551573815,46,71.98,102.47,-15.99,2.71
113,Eyl,100,SO,1551573821,100,7.98,49.82,75.05,5.95
114,Saskylakh,20,RU,1551573823,36,71.97,114.09,-24.72,2.93
115,Mehamn,75,NO,1551570600,79,71.03,27.85,26.6,29.97
116,Tasiilaq,68,GL,1551570600,85,65.61,-37.64,14.0,3.49
117,Nakamura,75,JP,1551573629,57,35.17,136.87,50.0,10.29
118,Sherman,90,US,1551573617,93,33.64,-96.61,44.01,6.93
119,Hilo,20,US,1551573688,57,19.71,-155.08,77.0,10.29
120,East London,88,ZA,1551573725,100,-33.02,27.91,71.45,2.15
121,Kavaratti,32,IN,1551573833,100,10.57,72.64,81.17,9.19
122,Hami,0,CN,1551573834,54,42.84,93.51,22.71,4.27
123,Bar Harbor,90,US,1551573725,50,44.39,-68.2,32.0,4.7
124,Santa Quiteria,0,ES,1551573764,61,37.67,-1.69,54.0,4.0
125,Sioux City,90,US,1551573663,78,42.5,-96.41,12.2,12.75
126,Pevek,24,RU,1551573842,79,69.7,170.27,-4.61,3.94
127,Tarakan,75,ID,1551571200,83,3.3,117.63,78.8,3.36
128,Verona,0,IT,1551573678,75,45.44,10.99,46.99,4.7
129,Ternate,20,PH,1551573439,69,14.29,120.72,80.01,4.7
130,Carbonia,40,IT,1551573011,87,39.17,8.53,57.0,13.87
131,Camacha,20,PT,1551571200,82,33.08,-16.33,62.6,2.24
132,Kollam,20,IN,1551571200,78,8.88,76.6,80.6,3.49
133,Kimbe,64,PG,1551573833,92,-5.56,150.15,84.36,3.49
134,Ajdabiya,88,LY,1551573853,85,30.75,20.22,55.16,11.43
135,Cabo San Lucas,20,MX,1551573111,20,22.89,-109.91,84.2,14.99
136,Puerto Ayora,20,EC,1551571200,70,-0.74,-90.35,84.2,10.29
137,Corrente,48,BR,1551573857,93,-17.45,-44.68,69.2,3.15
138,Saryg-Sep,76,RU,1551573858,77,51.49,95.55,8.27,3.15
139,Nikolskoye,75,RU,1551573634,73,59.7,30.79,24.8,20.13
140,Kedrovyy,40,RU,1551571200,92,56.17,91.82,10.4,2.24
141,Magdagachi,24,RU,1551573862,64,53.45,125.8,8.09,2.59
142,Portel,0,PT,1551571200,100,38.31,-7.71,50.0,6.93
143,Pirogovo,80,RU,1551573019,90,56.78,53.16,15.01,3.0
144,Saint Albans,90,US,1551573700,68,44.81,-73.08,30.2,3.15
145,Conway,90,US,1551573621,93,33.84,-79.05,61.0,6.93
146,Pullman,1,US,1551573662,63,46.73,-117.17,30.99,13.87
147,Sao Sepe,0,BR,1551571200,68,-30.16,-53.57,71.6,1.12
148,Naze,64,NG,1551573875,95,5.43,7.07,73.29,3.04
149,Stawell,88,AU,1551573086,27,-37.06,142.77,88.0,3.0
150,Chumikan,64,RU,1551573878,65,54.72,135.31,14.88,2.71
151,Rondonopolis,12,BR,1551573879,91,-16.46,-54.64,75.59,3.04
152,Yellowknife,40,CA,1551571200,44,62.45,-114.38,-0.41,6.93
153,Warrnambool,92,AU,1551573428,68,-38.38,142.48,75.0,5.39
154,Ippy,24,CF,1551573884,78,6.26,21.2,73.74,8.41
155,Pochutla,5,MX,1551573086,55,15.74,-96.47,86.0,7.07
156,Savigliano,0,IT,1551573871,60,44.64,7.66,48.99,2.24
157,Yarim,0,YE,1551573888,80,14.3,44.38,42.74,0.69
158,Karratha,80,AU,1551573615,52,-20.74,116.85,85.71,4.72
159,Faanui,44,PF,1551573824,100,-16.48,-151.75,82.88,5.95
160,Constitucion,20,MX,1551573615,7,23.99,-104.67,84.2,14.99
161,San Rafael,0,AR,1551573893,32,-34.61,-68.33,71.31,5.61
162,Sitka,80,US,1551573113,74,37.17,-99.65,27.0,1.99
163,Namanga,48,KE,1551573896,85,-2.55,36.79,64.29,2.59
164,Saldanha,8,PT,1551573897,78,41.42,-6.55,37.52,4.94
165,Sao Filipe,0,CV,1551573765,87,14.9,-24.5,72.8,14.79
166,Sioux Lookout,75,CA,1551571200,64,50.1,-91.92,-0.41,6.93
167,La Ronge,75,CA,1551571200,63,55.1,-105.3,-5.81,12.75
168,Ponta do Sol,80,BR,1551573907,96,-20.63,-46.0,66.32,3.71
169,Simga,12,IN,1551571200,64,21.63,81.7,69.8,8.05
170,Sao Marcos,0,BR,1551573908,72,-28.97,-51.07,70.0,3.49
171,Yenagoa,32,NG,1551573913,96,4.92,6.26,73.38,2.59
172,Marzuq,0,YE,1551573914,86,14.4,46.47,52.82,2.37
173,Palmer,0,AU,1551573662,61,-34.85,139.16,88.0,18.34
174,Naryan-Mar,68,RU,1551573917,79,67.67,53.09,10.25,12.88
175,Masunga,0,BW,1551573919,56,-20.62,27.45,71.58,10.31
176,Holoby,0,UA,1551571837,84,51.09,25.02,21.99,1.99
177,Jaguaquara,0,BR,1551573921,75,-13.53,-39.97,76.08,9.08
178,Guarapari,0,BR,1551571200,83,-20.67,-40.5,82.4,5.82
179,Noumea,90,NC,1551571200,74,-22.28,166.46,82.4,19.46
180,Narsaq,56,GL,1551570600,42,60.91,-46.05,30.2,4.7
181,Haines Junction,80,CA,1551573927,83,60.75,-137.51,16.14,2.15
182,Cherskiy,56,RU,1551573781,82,68.75,161.3,-5.19,9.19
183,Quelimane,20,MZ,1551571200,88,-17.88,36.89,78.8,3.36
184,Te Anau,0,NZ,1551573931,41,-45.41,167.72,68.61,3.6
185,Kashan,0,IR,1551573932,70,33.99,51.44,31.31,3.04
186,Rongcheng,48,CN,1551573933,77,37.16,122.42,35.13,2.59
187,Hambantota,40,LK,1551571800,100,6.12,81.12,75.2,3.36
188,Sechenovo,48,RU,1551573938,81,55.22,45.89,9.39,9.75
189,Sawakin,0,SD,1551573939,100,19.1,37.33,57.5,4.72
190,Nanakuli,40,US,1551573788,57,21.39,-158.15,78.8,8.05
191,Smithers,5,CA,1551571200,26,54.78,-127.17,17.6,2.24
192,Margate,36,AU,1551573794,88,-43.03,147.26,70.0,5.82
193,Bethel,90,US,1551572220,86,60.79,-161.76,33.8,8.05
194,Roald,44,NO,1551573925,75,62.58,6.12,41.0,11.41
195,Taldan,24,RU,1551573946,63,53.69,124.82,8.36,2.59
196,Carnarvon,0,ZA,1551573948,60,-30.97,22.13,59.12,8.08
197,Luanda,75,AO,1551571200,88,-8.83,13.24,80.6,3.36
198,Yulara,0,AU,1551571200,17,-25.24,130.99,93.2,12.75
199,Saint Anthony,1,US,1551573651,63,43.97,-111.68,30.99,5.82
200,Mascota,5,MX,1551573910,78,20.53,-104.79,78.8,11.41
201,Harper,90,US,1551573912,87,30.3,-99.24,60.01,7.52
202,Beringovskiy,44,RU,1551573956,89,63.05,179.32,28.34,15.46
203,Salinopolis,92,BR,1551573957,100,-0.61,-47.36,78.96,12.77
204,Meulaboh,36,ID,1551573671,100,4.14,96.13,78.83,1.92
205,Lasa,20,CY,1551573925,77,34.92,32.53,59.0,11.41
206,Leningradskiy,44,RU,1551573961,100,69.38,178.42,5.66,6.96
207,Caldono,56,CO,1551573962,100,2.8,-76.48,57.54,0.58
208,North Platte,90,US,1551573961,72,41.12,-100.77,10.4,18.34
209,Nabire,64,ID,1551573965,90,-3.36,135.5,74.33,2.26
210,Nishihara,90,JP,1551573785,86,35.74,139.53,45.0,9.17
211,Lida,0,BY,1551573968,80,53.9,25.3,20.28,12.66
212,Mount Isa,0,AU,1551571200,40,-20.73,139.49,86.0,9.17
213,Svarstad,90,NO,1551573967,100,59.4,9.97,39.2,11.41
214,Clyde River,75,CA,1551571200,84,70.47,-68.59,1.4,20.8
215,Saint-Georges,80,CA,1551573959,69,46.12,-70.67,28.0,3.27
216,Arraial do Cabo,92,BR,1551573750,93,-22.97,-42.02,80.9,11.65
217,Nortelandia,8,BR,1551573976,74,-14.45,-56.8,79.68,4.38
218,Ilulissat,80,GL,1551570600,78,69.22,-51.1,15.8,8.05
219,Sola,90,NO,1551573604,93,58.89,5.65,44.6,19.46
220,Urubicha,44,BO,1551573983,75,-15.63,-63.08,80.18,3.83
221,Matamoros,1,US,1551573969,69,25.87,-97.51,82.4,16.11
222,Kodiak,90,US,1551573979,52,39.95,-94.76,26.01,13.87
223,Manoel Urbano,0,BR,1551573987,75,-8.84,-69.26,80.94,3.49
224,Dudinka,76,RU,1551573989,86,69.41,86.18,16.19,19.26
225,Tiksi,0,RU,1551573990,32,71.64,128.87,-22.43,4.05
226,Akureyri,90,IS,1551571200,86,65.68,-18.09,30.2,4.7
227,Fallon,1,US,1551570960,69,46.84,-105.12,-13.01,12.75
228,Abu Samrah,92,SY,1551573995,94,35.3,37.18,48.63,10.54
229,Sungaipenuh,88,ID,1551573964,94,-2.08,101.38,67.85,0.58
230,Neuquen,0,AR,1551571200,53,-38.95,-68.06,71.6,5.17
231,Iqaluit,5,CA,1551573164,75,63.75,-68.52,-13.01,14.99
232,Tacoronte,64,ES,1551573971,87,28.48,-16.41,64.4,4.7
233,Mao,20,DO,1551573964,69,19.55,-71.08,81.0,9.17
234,Kokopo,0,PG,1551574007,97,-4.34,152.27,83.06,3.71
235,Toccoa,1,US,1551574005,72,34.58,-83.33,64.4,10.29
236,Uto,90,JP,1551573965,100,32.68,130.61,50.0,3.36
237,Klaksvik,92,FO,1551572400,87,62.23,-6.59,42.8,16.11
238,Taraz,90,KZ,1551573906,65,42.89,71.39,44.6,11.18
239,Taloqan,92,AF,1551574014,100,36.74,69.54,34.59,2.15
240,Chabahar,0,IR,1551574015,100,25.29,60.65,66.41,10.54
241,Tual,44,ID,1551574017,100,-5.67,132.75,80.63,5.95
242,Tibiri,8,NE,1551574018,28,13.59,7.06,68.3,8.86
243,Belmonte,12,PT,1551573916,95,40.36,-7.35,45.0,1.01
244,Scottsbluff,90,US,1551571860,77,41.87,-103.67,3.2,16.11
245,Bayji,92,IQ,1551574022,84,34.93,43.49,42.06,4.94
246,Alofi,76,NU,1551571200,70,-19.06,-169.92,86.0,8.05
247,Nemuro,20,JP,1551571200,68,43.32,145.57,28.4,9.17
248,Port-Gentil,24,GA,1551573954,99,-0.72,8.78,79.41,4.16
249,Port Macquarie,75,AU,1551573845,65,-31.43,152.91,77.0,6.93
250,Carupano,36,VE,1551574030,81,10.67,-63.26,78.74,15.46
251,Sobolevo,48,RU,1551574031,79,54.43,31.9,15.02,14.79
252,Chapais,90,CA,1551571200,66,49.78,-74.86,12.2,5.82
253,Bud,64,NO,1551573980,80,62.91,6.91,36.0,10.29
254,Cockburn Town,12,TC,1551573901,96,21.46,-71.14,78.38,18.25
255,Port Hardy,20,CA,1551571200,60,50.7,-127.42,42.8,6.93
256,Majene,36,ID,1551574038,100,-3.54,118.97,81.53,3.15
257,Birin,32,SY,1551574040,95,35.01,36.67,44.36,5.39
258,Castro,92,CL,1551571200,87,-42.48,-73.76,53.6,3.36
259,Venado Tuerto,0,AR,1551573922,43,-33.75,-61.97,66.99,4.0
260,Acapulco,5,MX,1551570420,74,16.86,-99.88,82.4,5.82
261,Souillac,75,FR,1551574012,93,45.6,-0.6,48.99,5.82
262,Atambua,0,ID,1551574046,100,-9.11,124.89,80.31,5.28
263,Barcelos,75,PT,1551573919,87,41.53,-8.62,53.6,6.93
264,Virginia Beach,90,US,1551574031,87,36.85,-75.98,46.0,3.04
265,Talcahuano,0,CL,1551571200,63,-36.72,-73.12,60.8,13.87
266,Thompson,90,CA,1551571200,63,55.74,-97.86,-7.61,9.17
267,Vila Velha,75,BR,1551573490,88,-3.71,-38.6,79.0,8.05
268,Axim,44,GH,1551574055,97,4.87,-2.24,82.88,9.53
269,Newport,90,GB,1551574052,87,51.59,-3.0,48.99,13.87
270,Urengoy,80,RU,1551573802,91,65.96,78.37,21.99,14.56
271,Lata,100,IN,1551574059,100,30.78,78.62,35.45,1.59
272,Dikson,32,RU,1551574061,76,73.51,80.55,-7.71,5.95
273,Longyearbyen,40,NO,1551570600,71,78.22,15.63,5.0,10.29
274,Fortuna,0,ES,1551574052,76,38.18,-1.13,54.0,5.82
275,Nantucket,90,US,1551573746,100,41.28,-70.1,33.8,18.34
276,Carnoustie,0,GB,1551574028,70,56.5,-2.71,45.0,32.21
277,Tautira,20,PF,1551573782,66,-17.73,-149.15,87.8,4.7
278,Evensk,0,RU,1551574071,100,61.92,159.24,0.71,13.78
279,Hervey Bay,75,AU,1551573608,88,-25.3,152.85,80.01,10.29
280,Xuddur,0,SO,1551574021,48,4.12,43.89,75.68,9.64
281,Coolum Beach,92,AU,1551573982,73,-26.53,153.09,79.0,4.0
282,Vylkove,12,UA,1551574079,70,45.4,29.58,26.49,3.83
283,Belaya Gora,56,RU,1551574082,75,68.54,146.19,-11.63,8.3
284,Bressuire,90,FR,1551574048,93,46.84,-0.49,53.6,13.87
285,Walvis Bay,0,NA,1551571326,82,-22.95,14.51,66.99,6.93
286,Erenhot,0,CN,1551574091,81,43.65,111.97,16.64,7.74
287,Manhuacu,76,BR,1551574092,84,-20.26,-42.03,67.85,2.26
288,Mapiripan,36,CO,1551574093,86,2.89,-72.13,78.11,5.39
289,Mocuba,92,MZ,1551574095,94,-16.84,36.99,75.68,2.71
290,Ust-Omchug,20,RU,1551574096,60,61.13,149.63,-15.27,3.27
291,Iquique,0,CL,1551571200,68,-20.22,-70.14,71.6,19.46
292,Whitehorse,75,CA,1551574000,33,60.72,-135.06,17.01,10.29
293,Ballitoville,90,ZA,1551574056,78,-29.54,31.21,73.4,6.93
294,Mankachar,0,IN,1551574101,76,25.53,89.87,49.71,2.59
295,Otjiwarongo,0,NA,1551574102,78,-20.46,16.65,62.49,1.59
296,Steinbach,40,CA,1551573933,58,49.53,-96.69,-5.01,13.87
297,Kruisfontein,0,ZA,1551574105,89,-34.0,24.73,60.51,2.04
298,Tarnos,0,FR,1551573904,81,43.54,-1.46,46.4,4.7
299,Port Augusta,0,AU,1551574043,69,-32.49,137.76,96.01,11.41
300,Zunyi,32,CN,1551574109,95,27.73,106.92,40.49,2.71
301,Tagcatong,12,PH,1551574110,100,9.0,125.26,75.54,3.6
302,Bathsheba,40,BB,1551571200,73,13.22,-59.52,77.0,20.8
303,Aketi,32,CD,1551574112,98,2.74,23.78,69.65,2.26
304,Kahului,40,US,1551573990,51,20.89,-156.47,80.6,17.22
305,Traralgon,0,AU,1551573915,38,-38.19,146.54,91.99,13.0
306,Palencia,0,ES,1551573674,58,42.01,-4.53,50.0,4.0
307,Road Town,40,VG,1551574032,65,18.42,-64.62,78.8,10.29
308,Neyshabur,0,IR,1551574118,80,36.21,58.79,27.66,4.72
309,Huilong,64,CN,1551574120,95,28.89,110.18,39.5,2.15
310,Husavik,32,CA,1551573870,73,50.56,-96.99,-5.01,8.99
311,Tongliao,0,CN,1551574122,42,43.61,122.27,31.89,4.05
312,Port Hedland,92,AU,1551571200,66,-20.31,118.58,87.8,8.05
313,Caravelas,0,BR,1551574126,100,-17.73,-39.27,83.78,15.79
314,Kytmanovo,56,RU,1551574127,94,53.46,85.45,19.88,8.41
315,Ola,0,RU,1551574129,100,59.58,151.3,2.15,7.4
316,Labytnangi,0,RU,1551574130,49,66.66,66.39,-17.03,4.72
317,La Rioja,24,AR,1551574131,57,-29.41,-66.86,81.39,5.17
318,Bad Salzungen,75,DE,1551574052,81,50.81,10.23,48.0,13.87
319,Katsuura,90,JP,1551572684,66,33.93,134.5,50.0,6.93
320,Westport,36,IE,1551574088,65,53.8,-9.52,48.99,14.0
321,Micheweni,92,TZ,1551574136,100,-4.97,39.83,82.88,6.62
322,Gazli,0,UZ,1551574137,85,40.13,63.45,34.28,2.93
323,Honiara,0,SB,1551574139,59,-9.43,159.96,86.61,3.15
324,Itoman,75,JP,1551573786,83,26.12,127.67,75.2,10.29
325,Shevchenko,80,UA,1551574141,78,48.22,37.14,27.48,9.98
326,Padang,75,ID,1551571200,88,-0.92,100.36,80.6,5.82
327,Keetmanshoop,0,NA,1551571200,49,-26.57,18.15,73.4,8.05
328,Riyadh,0,SA,1551571200,40,24.63,46.72,51.8,2.24
329,Itarema,92,BR,1551573960,100,-2.92,-39.92,73.11,0.69
330,Rockland,90,US,1551574146,96,42.13,-70.92,32.0,4.7
331,Beaverlodge,5,CA,1551571200,57,55.21,-119.43,-9.41,4.7
332,Nizhnyaya Poyma,0,RU,1551574150,75,56.16,97.2,13.04,2.37
333,West Odessa,75,US,1551572400,70,31.84,-102.48,64.4,10.29
334,Huarmey,20,PE,1551574153,68,-10.07,-78.15,73.11,3.71
335,Prince Albert,90,CA,1551573060,58,53.2,-105.75,-4.01,16.11
336,Tynda,8,RU,1551574155,65,55.15,124.74,4.4,2.37
337,Murgab,0,TM,1551571200,93,37.5,61.97,42.8,4.7
338,Hasaki,75,JP,1551573275,52,35.73,140.83,45.0,6.93
339,San-Pedro,44,CI,1551574159,88,4.75,-6.64,79.37,5.39
340,Palembang,20,ID,1551571200,94,-2.99,104.76,77.0,1.92
341,Hamilton,90,BM,1551573980,88,32.3,-64.78,69.8,18.34
342,Athabasca,0,CA,1551573915,71,54.72,-113.29,-0.02,9.64
343,Pangkalanbuun,56,ID,1551574164,97,-2.68,111.62,76.44,4.16
344,La Carolina,0,ES,1551573974,61,38.27,-3.62,53.01,5.99
345,Lagoa,0,PT,1551574028,93,37.14,-8.45,55.0,2.24
346,Agadez,0,NE,1551574158,51,16.97,7.99,51.33,3.49
347,Bulgan,0,MN,1551574169,53,48.81,103.53,3.99,2.71
348,Nuevo Progreso,75,US,1551574118,57,26.05,-97.95,82.4,10.29
349,Port Moresby,40,PG,1551571200,62,-9.47,147.16,89.6,11.41
350,Prince Rupert,1,CA,1551571200,19,54.32,-130.32,37.4,5.82
351,Parabel,0,RU,1551574178,83,58.71,81.5,9.44,4.72
352,Tabou,8,CI,1551574180,96,4.42,-7.36,83.46,5.73
353,Shingu,75,JP,1551571200,81,33.72,135.99,48.2,5.82
354,Mitsamiouli,80,KM,1551574183,100,-11.38,43.28,81.66,10.42
355,Zhuhai,36,CN,1551571200,79,40.71,112.04,24.8,6.71
356,Ucluelet,20,CA,1551573698,52,48.94,-125.55,46.99,10.29
357,El Tigre,24,VE,1551574187,51,8.89,-64.25,82.29,17.13
358,Cabra,0,ES,1551574093,87,37.47,-4.43,53.01,2.26
359,Puerto Baquerizo Moreno,40,EC,1551571200,78,-0.9,-89.6,82.4,9.17
360,Tomatlan,0,MX,1551574191,67,19.93,-105.25,80.94,3.71
361,Hirara,20,JP,1551571200,73,24.8,125.28,77.0,12.75
362,Abha,0,SA,1551571200,82,18.22,42.5,57.2,8.05
363,Dubti,0,ET,1551574197,66,11.74,41.09,70.41,13.22
364,Fairbanks,90,US,1551574070,67,64.84,-147.72,27.0,3.36
365,Kantunilkin,5,MX,1551573781,78,21.1,-87.49,78.8,9.17
366,Grindavik,40,IS,1551573555,80,63.84,-22.43,30.2,14.99
367,Bolekhiv,0,UA,1551573775,79,49.07,23.86,21.0,2.93
368,Bay Roberts,20,CA,1551574102,62,47.58,-53.28,24.01,16.11
369,Zyryanka,20,RU,1551574204,64,65.73,150.89,-8.61,2.59
370,Maniitsoq,88,GL,1551573920,100,65.42,-52.9,20.24,7.85
371,Fukue,75,JP,1551573929,57,35.03,136.69,54.0,10.29
372,Mountain Home,1,US,1551573632,56,43.13,-115.69,43.0,3.36
373,Umm Kaddadah,0,SD,1551574209,18,13.6,26.69,63.89,9.19
374,Santa Rosa,20,AR,1551574065,46,-36.62,-64.29,69.56,5.95
375,Vardo,90,US,1551574210,70,39.62,-77.74,45.0,10.29
376,Miyoshi,75,JP,1551574114,81,34.81,132.85,48.2,6.93
377,Mitake,90,JP,1551574093,86,35.79,139.17,46.0,9.17
378,College,90,US,1551574070,67,64.86,-147.8,27.0,3.36
379,Victoria,75,BN,1551571200,88,5.28,115.24,80.6,1.14
380,Ponta Delgada,75,PT,1551571200,93,37.73,-25.67,62.6,21.92
381,Gagnoa,76,CI,1551574221,58,6.13,-5.95,83.33,5.39
382,Vidalia,90,US,1551573905,82,31.57,-91.43,61.0,4.16
383,Rio Gallegos,75,AR,1551571200,81,-51.62,-69.22,53.6,4.7
384,Tandil,0,AR,1551573897,63,-37.33,-59.14,64.0,6.51
385,Broome,90,GB,1551574216,87,52.47,1.45,53.6,18.34
386,Birao,0,CF,1551574227,41,10.3,22.78,66.68,4.5
387,Batemans Bay,0,AU,1551574219,72,-35.71,150.18,82.0,11.01
388,Coquimbo,20,CL,1551571200,77,-29.95,-71.34,62.6,8.05
389,Villa Carlos Paz,0,AR,1551573644,82,-31.42,-64.5,73.99,3.36
390,North Bend,1,US,1551573964,71,43.41,-124.22,53.01,17.22
391,Mucurici,0,BR,1551574235,72,-18.09,-40.52,77.84,11.43
392,Iglesias,0,ES,1551574218,86,42.3,-3.99,50.0,5.82
393,Stykkisholmur,0,IS,1551574238,100,65.08,-22.73,28.25,7.63
394,Zaysan,0,KZ,1551574162,48,47.47,84.87,6.74,3.27
395,Pirovskoye,76,RU,1551574241,84,57.63,92.27,19.25,2.59
396,Aubenas,0,FR,1551574204,75,44.62,4.39,48.99,13.87
397,Baruun-Urt,76,MN,1551574243,64,46.68,113.28,19.11,9.98
398,Lavumisa,88,ZA,1551574244,96,-27.31,31.88,69.96,4.38
399,Mount Gambier,36,AU,1551571200,73,-37.83,140.78,69.8,11.41
400,Moree,0,AU,1551574028,39,-29.46,149.84,82.4,11.41
401,Saint-Joseph,0,FR,1551574207,87,43.56,6.97,53.6,4.7
402,Shakiso,0,ET,1551574251,63,5.77,38.9,54.03,2.26
403,Aneza,20,GR,1551574239,100,39.09,20.92,50.0,3.38
404,Mungwi,64,ZM,1551574019,96,-10.17,31.37,63.26,2.82
405,Willowmore,0,ZA,1551574254,93,-33.3,23.49,51.69,2.37
406,Jutai,88,BR,1551574256,98,-1.71,-47.89,75.32,3.6
407,Luba,36,PH,1551574257,72,17.32,120.7,73.61,3.6
408,Pitimbu,20,BR,1551571200,88,-7.47,-34.81,78.8,3.36
409,Batticaloa,92,LK,1551573967,100,7.71,81.69,79.28,8.3
410,Comodoro Rivadavia,0,AR,1551571200,42,-45.87,-67.48,68.0,6.93
411,Nowy Targ,40,PL,1551574168,86,49.48,20.03,37.0,5.82
412,Nizhniy Baskunchak,0,RU,1551574264,86,48.22,46.83,21.41,10.76
413,Serov,92,RU,1551574267,96,59.61,60.57,22.31,5.73
414,Kutum,0,SD,1551574269,33,14.2,24.66,56.69,6.06
415,Abu Kamal,12,SY,1551574271,78,34.45,40.92,45.08,11.1
416,Bonfim,20,BR,1551574273,96,-20.33,-44.24,63.08,3.04
417,Dauphin,90,CA,1551573300,63,51.15,-100.04,-7.61,26.4
418,Tecoanapa,5,MX,1551570420,74,16.99,-99.26,82.4,5.82
419,Oxford,90,US,1551574254,82,33.61,-85.83,59.0,5.82
420,Hokitika,0,NZ,1551574262,91,-42.72,170.96,63.21,4.38
421,Provideniya,20,RU,1551574281,96,64.42,-173.23,27.48,7.4
422,Rawson,20,AR,1551574283,36,-43.3,-65.11,70.41,7.63
423,Arlit,0,NE,1551574285,33,18.74,7.39,56.78,7.52
424,Wamba,12,CD,1551574006,95,2.14,27.99,66.36,1.7
425,Jacksonville,1,US,1551574241,100,30.33,-81.66,66.99,4.27
426,Caernarfon,0,GB,1551574275,76,53.14,-4.27,48.2,19.46
427,Horsham,76,AU,1551574290,53,-36.71,142.2,81.39,4.83
428,Vestmannaeyjar,0,IS,1551574291,100,63.44,-20.27,30.59,7.07
429,Ulverstone,100,AU,1551574264,67,-41.16,146.17,75.0,3.6
430,Tutoia,92,BR,1551574293,100,-2.76,-42.27,72.44,3.38
431,Mackay,20,CA,1551571200,41,53.65,-115.58,3.2,9.17
432,Sembabule,36,UG,1551574296,87,-0.08,31.46,64.79,3.49
433,Alice Springs,0,AU,1551571200,22,-23.7,133.88,91.4,8.05
434,Newton,90,US,1551574206,78,41.7,-93.05,19.4,11.41
435,Launceston,75,AU,1551574254,68,-41.43,147.14,73.0,5.82
436,Kindu,80,CD,1551574301,100,-2.95,25.92,68.39,2.59
437,Manokwari,48,ID,1551574127,100,-0.87,134.08,79.41,7.18
438,San Quintin,36,PH,1551574303,72,17.54,120.52,73.61,3.6
439,Merauke,44,ID,1551574305,100,-8.49,140.4,82.07,6.62
440,Quatre Cocos,75,MU,1551574146,83,-20.21,57.76,80.6,6.93
441,Grand Gaube,75,MU,1551574146,83,-20.01,57.66,80.6,6.93
442,Bandarbeyla,0,SO,1551574308,100,9.49,50.81,77.16,4.16
443,Sao Joao da Barra,44,BR,1551574310,96,-21.64,-41.05,83.96,21.5
444,Vilcun,0,CL,1551573952,71,-38.65,-72.23,57.2,6.93
445,Yining,80,CN,1551574312,99,29.04,114.56,42.29,2.59
446,Kununurra,0,AU,1551571200,62,-15.77,128.74,86.0,4.7
447,Alta Floresta,20,BR,1551574314,90,-9.87,-56.08,77.12,1.81
448,Timbuktu,0,ML,1551574199,37,16.77,-3.01,58.13,9.42
449,Miyako,75,JP,1551574299,93,33.63,130.94,50.0,12.75
450,Cajazeiras,88,BR,1551574185,85,-6.89,-38.56,75.68,6.06
451,Mazagao,75,BR,1551571200,100,-0.12,-51.29,77.0,8.05
452,Dolores,0,AR,1551574213,75,-36.31,-57.68,60.56,7.96
453,Paducah,90,US,1551574500,63,37.08,-88.6,42.01,4.7
454,Fianarantsoa,24,MG,1551574326,93,-21.45,47.09,63.93,2.82
455,Mandera,0,ET,1551573967,18,3.94,41.86,69.01,1.99
456,Robe,0,ET,1551574331,72,7.12,40.01,44.45,2.48
457,Kisangani,88,CD,1551574332,100,0.52,25.21,70.41,1.81
458,Namatanai,0,PG,1551574334,92,-3.66,152.44,84.86,8.08
459,Lodwar,24,KE,1551574335,51,3.12,35.6,72.8,5.17
460,Agudos,68,BR,1551573956,99,-22.47,-48.99,72.0,1.01
461,Boyolangu,88,ID,1551574204,97,-8.09,111.9,73.52,3.6
462,Adrar,0,DZ,1551571200,24,27.87,-0.29,57.2,9.17
463,Tricase,5,IT,1551570900,87,39.93,18.36,53.6,14.99
464,Riverton,90,US,1551574044,72,43.02,-108.38,12.2,9.17
465,Galesong,20,ID,1551571200,94,-5.32,119.37,77.0,4.7
466,Cabedelo,20,BR,1551571200,88,-6.97,-34.84,78.8,3.36
467,Mahibadhoo,36,MV,1551574344,100,3.78,72.97,82.16,12.88
468,Cordoba,64,CO,1551574107,92,5.59,-73.79,54.98,1.59
469,Malpe,40,IN,1551571200,78,13.35,74.72,78.8,5.82
470,Buique,44,BR,1551574348,93,-8.62,-37.16,67.58,4.61
471,Avera,1,US,1551574234,88,33.19,-82.53,66.99,3.49
472,Goderich,32,CA,1551574114,83,43.74,-81.71,27.0,1.01
473,Codrington,40,AU,1551573817,78,-28.95,153.24,79.0,2.24
474,Deputatskiy,12,RU,1551574353,35,69.3,139.9,-24.95,2.82
475,Norden,75,DE,1551574325,81,53.59,7.21,50.0,16.11
476,Pringsewu,88,ID,1551574209,96,-5.36,104.98,73.29,1.7
477,Sukabumi,76,ID,1551573800,72,-6.92,106.93,84.0,3.94
478,Sao Gabriel da Cachoeira,12,BR,1551574360,86,-0.13,-67.09,78.38,2.15
479,Ust-Kulom,12,RU,1551574362,62,61.69,53.69,-3.8,6.4
480,Kiama,0,AU,1551574333,51,-34.67,150.86,82.99,9.17
481,Yaroslavl,0,RU,1551571200,78,57.63,39.89,14.0,6.71
482,Ler,90,NO,1551574215,85,63.2,10.3,33.8,9.17
483,Waingapu,8,ID,1551574369,93,-9.65,120.26,78.92,4.05
484,Blythe,20,US,1551574165,26,33.61,-114.59,80.6,33.33
485,Chapleau,75,CA,1551572100,72,47.85,-83.4,17.6,8.05
486,Nouadhibou,0,MR,1551571200,59,20.93,-17.03,66.2,19.46
487,Lima,0,PE,1551573903,73,-12.06,-77.04,79.0,13.87
488,Santa Eulalia,0,GT,1551574376,61,15.73,-91.46,66.14,1.92
489,Guskhara,0,IN,1551571200,87,23.5,87.75,57.2,2.24
490,Sertanopolis,20,BR,1551571200,51,-23.06,-51.04,82.4,5.73
491,Yar-Sale,0,RU,1551574380,65,66.83,70.83,-8.84,9.98
492,Inirida,20,CO,1551574381,87,3.87,-67.92,76.98,2.15
493,San Martin,90,US,1551574376,82,37.08,-121.61,64.4,11.41
494,Teguldet,64,RU,1551574384,81,57.31,88.17,13.13,2.48
495,Viedma,12,AR,1551574386,45,-40.81,-62.99,68.03,7.4
496,Barao de Melgaco,20,BR,1551574387,93,-16.19,-55.97,75.99,2.93
497,Hobyo,0,SO,1551574388,91,5.35,48.53,73.79,7.4
498,Berlevag,75,NO,1551570600,79,70.86,29.09,26.6,29.97
499,Vila Franca do Campo,75,PT,1551573000,93,37.72,-25.43,62.6,20.8
500,Redmond,40,US,1551574391,42,47.67,-122.12,48.2,6.93
501,Lockhart,0,AU,1551571200,30,-35.22,146.72,86.0,11.41
502,Lavrentiya,56,RU,1551574395,100,65.58,-170.99,17.58,2.82
503,Munster,92,DE,1551574344,93,52.99,10.09,48.99,10.29
504,Tayginka,80,RU,1551574203,85,55.63,60.5,15.01,1.99
505,Talara,20,PE,1551574200,66,-4.58,-81.27,80.72,7.63
506,Mattru,0,SL,1551574399,64,7.62,-11.83,79.46,6.29
507,Sisimiut,80,GL,1551574401,83,66.94,-53.67,6.38,1.92
508,Sokolo,0,ML,1551574405,55,14.74,-6.12,55.52,3.94
509,Mangai,20,CD,1551574406,95,-4.07,19.59,72.17,1.92
510,Libourne,0,FR,1551574317,93,44.91,-0.24,48.99,4.7
511,Port Lincoln,92,AU,1551574409,79,-34.72,135.86,71.36,16.02
512,Bosobolo,20,CD,1551574410,95,4.19,19.88,69.2,3.6
513,Maumere,64,ID,1551574277,100,-8.63,122.22,81.17,4.5
514,Gumia,0,IN,1551574413,79,23.8,85.83,50.34,2.71
515,Ayan,8,TR,1551574414,73,40.67,33.6,18.21,2.15
516,Orange,0,AU,1551574227,55,-33.28,149.1,82.99,6.17
517,Nago,0,IT,1551574388,80,45.88,10.89,46.99,3.36
518,Tambun,75,MY,1551571200,88,4.62,101.14,78.8,2.24
519,Nome,90,US,1551574416,77,30.04,-94.42,71.01,3.36
520,Sur,0,OM,1551574421,100,22.57,59.53,67.13,17.81
521,Smolenka,0,PL,1551574422,82,54.15,22.76,23.34,13.33
522,Ostrovnoy,0,RU,1551574423,65,68.05,39.51,2.06,10.76
523,Labuhan,76,ID,1551574426,93,-2.54,115.51,74.91,1.14
524,Krasnoarmeysk,0,RU,1551574397,72,56.12,38.15,21.0,11.18
525,Barranquilla,75,CO,1551571200,83,10.98,-74.8,86.0,9.17
526,Kankon,40,IN,1551571200,83,15.02,74.02,75.2,4.7
527,Marystown,0,CA,1551574428,100,47.17,-55.16,26.01,13.78
528,Kirakira,20,SB,1551574432,100,-10.46,161.92,82.7,8.41
529,Samarai,24,PG,1551574433,100,-10.62,150.67,79.41,1.59
530,Bugiri,0,UG,1551574436,88,0.57,33.75,66.86,3.94
531,Ati,0,TD,1551574438,33,13.21,18.34,78.92,6.85
532,San Cristobal,40,EC,1551573993,87,-0.39,-78.55,59.0,6.93
533,Kitimat,5,CA,1551571200,21,54.02,-128.69,26.6,17.22
534,Tobermory,0,CA,1551573208,82,45.25,-81.67,18.0,18.03
535,Saint-Augustin,0,FR,1551574268,93,44.83,-0.61,48.99,4.7
536,Sept-Iles,5,CA,1551571200,43,50.2,-66.38,15.8,6.93
537,Mandalgovi,0,MN,1551574450,73,45.76,106.27,8.81,3.04
538,Presidente Epitacio,24,BR,1551574451,74,-21.76,-52.12,77.88,4.72
539,Paamiut,0,GL,1551574452,93,61.99,-49.67,28.61,5.95
540,Camocim,92,BR,1551574453,100,-2.9,-40.84,72.03,4.05
541,Port Blair,8,IN,1551574455,100,11.67,92.75,80.9,13.22
542,Qaqortoq,32,GL,1551570600,42,60.72,-46.03,30.2,4.7
543,Aksarka,0,RU,1551574457,64,66.56,67.8,-14.42,5.73
544,Beloha,8,MG,1551574192,93,-25.17,45.06,75.95,6.17
